Workbook

Sheet 2,3-DPG(umol-gHb)
A1: 2,3-DPG (umol/g Hb) | B1: RBC5 | C1: RBC6 | D1: RBC7 | E1: RBC8 | F1: RBC9 | G1: RBC10 | H1: RBC11 | I1: RBC12 | J1: RBC13 | K1: RBC14 | L1: RBC15 | M1: RBC16 | N1: RBC17 | O1: RBC18 | P1: RBC19 | Q1: RBC20 | R1: RBC21 | S1: RBC22 | T1: RBC23 | U1: RBC24
A2: Day 3 | B2: ='2,3-DPG(umol-mL)'!B2/'Hbt(g-mL)'!F2 -> 5.7487923 | C2: ='2,3-DPG(umol-mL)'!C2/'Hbt(g-mL)'!G2 -> 4.2788462 | D2: ='2,3-DPG(umol-mL)'!D2/'Hbt(g-mL)'!H2 -> 8.3823529 | E2: ='2,3-DPG(umol-mL)'!E2/'Hbt(g-mL)'!I2 -> 5.1030928 | F2: ='2,3-DPG(umol-mL)'!F2/'Hbt(g-mL)'!J2 -> 6.8062827 | G2: ='2,3-DPG(umol-mL)'!G2/'Hbt(g-mL)'!K2 -> 7.244898 | H2: ='2,3-DPG(umol-mL)'!H2/'Hbt(g-mL)'!L2 -> 1.2599828 | I2: ='2,3-DPG(umol-mL)'!I2/'Hbt(g-mL)'!M2 -> 14.702691 | ... U2: ='2,3-DPG(umol-mL)'!U2/'Hbt(g-mL)'!Y2 -> 1.8942548
A3: Day 7 | B3: ='2,3-DPG(umol-mL)'!B3/'Hbt(g-mL)'!F3 -> 5.3703704 | C3: ='2,3-DPG(umol-mL)'!C3/'Hbt(g-mL)'!G3 -> 2.4519231 | D3: ='2,3-DPG(umol-mL)'!D3/'Hbt(g-mL)'!H3 -> 3.1553398 | E3: ='2,3-DPG(umol-mL)'!E3/'Hbt(g-mL)'!I3 -> 1.3636364 | F3: ='2,3-DPG(umol-mL)'!F3/'Hbt(g-mL)'!J3 -> 2.1649485 | G3: ='2,3-DPG(umol-mL)'!G3/'Hbt(g-mL)'!K3 -> 1.5577889 | H3: ='2,3-DPG(umol-mL)'!H3/'Hbt(g-mL)'!L3 -> 0.22425063 | I3: ='2,3-DPG(umol-mL)'!I3/'Hbt(g-mL)'!M3 -> 0.60549699 | ... U3: ='2,3-DPG(umol-mL)'!U3/'Hbt(g-mL)'!Y3 -> 0.5660739
A4: Day 10 | B4: ='2,3-DPG(umol-mL)'!B4/'Hbt(g-mL)'!F4 -> 1.6230366 | C4: ='2,3-DPG(umol-mL)'!C4/'Hbt(g-mL)'!G4 -> 0.71770335 | D4: ='2,3-DPG(umol-mL)'!D4/'Hbt(g-mL)'!H4 -> 0.88669951 | E4: ='2,3-DPG(umol-mL)'!E4/'Hbt(g-mL)'!I4 -> 1.5656566 | F4: ='2,3-DPG(umol-mL)'!F4/'Hbt(g-mL)'!J4 -> 1.2435233 | G4: ='2,3-DPG(umol-mL)'!G4/'Hbt(g-mL)'!K4 -> 0.55 | H4: ='2,3-DPG(umol-mL)'!H4/'Hbt(g-mL)'!L4 -> 0.17359712 | I4: ='2,3-DPG(umol-mL)'!I4/'Hbt(g-mL)'!M4 -> 0.37930891 | ... U4: ='2,3-DPG(umol-mL)'!U4/'Hbt(g-mL)'!Y4 -> 0.11456593
A5: Day 14 | B5: ='2,3-DPG(umol-mL)'!B5/'Hbt(g-mL)'!F5 -> 0.2970297 | C5: ='2,3-DPG(umol-mL)'!C5/'Hbt(g-mL)'!G5 -> 0.23696682 | D5: ='2,3-DPG(umol-mL)'!D5/'Hbt(g-mL)'!H5 -> 0.14423077 | E5: ='2,3-DPG(umol-mL)'!E5/'Hbt(g-mL)'!I5 -> 0.15151515 | F5: ='2,3-DPG(umol-mL)'!F5/'Hbt(g-mL)'!J5 -> 0.10362694 | G5: ='2,3-DPG(umol-mL)'!G5/'Hbt(g-mL)'!K5 -> 0.10050251 | H5: ='2,3-DPG(umol-mL)'!H5/'Hbt(g-mL)'!L5 -> 0.047855949 | I5: ='2,3-DPG(umol-mL)'!I5/'Hbt(g-mL)'!M5 -> 0.08143533 | ... U5: ='2,3-DPG(umol-mL)'!U5/'Hbt(g-mL)'!Y5 -> 0.17699166
A6: Day 17 | B6: n.d. | C6: n.d. | D6: n.d. | E6: n.d. | F6: n.d. | G6: n.d. | H6: ='2,3-DPG(umol-mL)'!H6/'Hbt(g-mL)'!L6 -> 1.6164997 | I6: ='2,3-DPG(umol-mL)'!I6/'Hbt(g-mL)'!M6 -> 1.1544725 | J6: ='2,3-DPG(umol-mL)'!J6/'Hbt(g-mL)'!N6 -> 0.53466165 | K6: ='2,3-DPG(umol-mL)'!K6/'Hbt(g-mL)'!O6 -> 0.29716139 | L6: ='2,3-DPG(umol-mL)'!L6/'Hbt(g-mL)'!P6 -> 0.09138835 | M6: ='2,3-DPG(umol-mL)'!M6/'Hbt(g-mL)'!Q6 -> 0.11563104 | N6: ='2,3-DPG(umol-mL)'!N6/'Hbt(g-mL)'!R6 -> 0.61355707 | O6: ='2,3-DPG(umol-mL)'!O6/'Hbt(g-mL)'!S6 -> 0.28684871 | ... U6: ='2,3-DPG(umol-mL)'!U6/'Hbt(g-mL)'!Y6 -> 1.0616083
A7: Day 21 | B7: n.d. | C7: n.d. | D7: n.d. | E7: n.d. | F7: n.d. | G7: n.d. | H7: n.d. | I7: n.d. | J7: n.d. | K7: n.d. | L7: n.d. | M7: n.d. | N7: n.d. | O7: n.d. | P7: n.d. | Q7: n.d. | R7: n.d. | S7: n.d. | T7: n.d. | U7: n.d.
A8: Day 28 | B8: n.d. | C8: n.d. | D8: n.d. | E8: n.d. | F8: n.d. | G8: n.d. | H8: n.d. | I8: n.d. | J8: n.d. | K8: n.d. | L8: n.d. | M8: n.d. | N8: n.d. | O8: n.d. | P8: n.d. | Q8: n.d. | R8: n.d. | S8: n.d. | T8: n.d. | U8: n.d.
A9: Day 35 | B9: n.d. | C9: n.d. | D9: n.d. | E9: n.d. | F9: n.d. | G9: n.d. | H9: n.d. | I9: n.d. | J9: n.d. | K9: n.d. | L9: n.d. | M9: n.d. | N9: n.d. | O9: n.d. | P9: n.d. | Q9: n.d. | R9: n.d. | S9: n.d. | T9: n.d. | U9: n.d.
A10: Day 42 | B10: n.d. | C10: n.d. | D10: n.d. | E10: n.d. | F10: n.d. | G10: n.d. | H10: n.d. | I10: n.d. | J10: n.d. | K10: n.d. | L10: n.d. | M10: n.d. | N10: n.d. | O10: n.d. | P10: n.d. | Q10: n.d. | R10: n.d. | S10: n.d. | T10: n.d. | U10: n.d.

Sheet 2,3-DPG(umol-mL)
A1: 2,3-DPG (umol/mL) | B1: RBC5 | C1: RBC6 | D1: RBC7 | E1: RBC8 | F1: RBC9 | G1: RBC10 | H1: RBC11 | I1: RBC12 | J1: RBC13 | K1: RBC14 | L1: RBC15 | M1: RBC16 | N1: RBC17 | O1: RBC18 | P1: RBC19 | Q1: RBC20 | R1: RBC21 | S1: RBC22 | T1: RBC23 | U1: RBC24
A2: Day 3 | B2: 1.19 | C2: 0.89 | D2: 1.71 | E2: 0.99 | F2: 1.3 | G2: 1.42 | H2: 0.24443665 | I2: 2.7199978 | J2: 0.82315756 | K2: 1.7442633 | L2: 0.73300598 | M2: 1.3502743 | N2: 0.37559248 | O2: 0.51395744 | P2: 0.59739105 | Q2: 0.48198673 | R2: 0.47916436 | S2: 0.15507436 | T2: 0.50504609 | U2: 0.35990842
A3: Day 7 | B3: 1.16 | C3: 0.51 | D3: 0.65 | E3: 0.27 | F3: 0.42 | G3: 0.31 | H3: 0.043728872 | I3: 0.1210994 | J3: 0.14521195 | K3: 0.12581898 | L3: 0.050799211 | M3: 0.06629218 | N3: 0.40242673 | O3: 0.25789703 | P3: 0.15799545 | Q3: 0.21386173 | R3: 0.17749741 | S3: 0.065628008 | T3: 0.14854308 | U3: 0.099062932
A4: Day 10 | B4: 0.31 | C4: 0.15 | D4: 0.18 | E4: 0.31 | F4: 0.24 | G4: 0.11 | H4: 0.037844173 | I4: 0.07624109 | J4: 0.092729098 | K4: 0.057213684 | L4: 0.017914586 | M4: 0.018143308 | N4: 0.22948079 | O4: 0.13423477 | P4: 0.12077098 | Q4: 0.060284812 | R4: 0.064238571 | S4: 0.035187481 | T4: 0.035925451 | U4: 0.023486015
A5: Day 14 | B5: 0.06 | C5: 0.05 | D5: 0.03 | E5: 0.03 | F5: 0.02 | G5: 0.02 | H5: 0.0090447744 | I5: 0.014495489 | J5: 0.036429812 | K5: 0.021461729 | L5: 0.023833008 | M5: 0.0089851504 | N5: 0.15725211 | O5: 0.15810053 | P5: 0.31658763 | Q5: 0.19351575 | R5: 0.091352368 | S5: 0.067751504 | T5: 0.039781955 | U5: 0.032566466
A6: Day 17 | B6: n.d. | C6: n.d. | D6: n.d. | E6: n.d. | F6: n.d. | G6: n.d. | H6: 0.31683395 | I6: 0.21242293 | J6: 0.10960564 | K6: 0.062701053 | L6: 0.016998233 | M6: 0.02104485 | N6: 0.12209786 | O6: 0.058803985 | P6: 0.048494887 | Q6: 0.04246406 | R6: 0.032185752 | S6: 0.03813594 | T6: 0.020447632 | U6: 0.16879571
A7: Day 21 | B7: n.d. | C7: n.d. | D7: n.d. | E7: n.d. | F7: n.d. | G7: n.d. | H7: n.d. | I7: n.d. | J7: n.d. | K7: n.d. | L7: n.d. | M7: n.d. | N7: n.d. | O7: n.d. | P7: n.d. | Q7: n.d. | R7: n.d. | S7: n.d. | T7: n.d. | U7: n.d.
A8: Day 28 | B8: n.d. | C8: n.d. | D8: n.d. | E8: n.d. | F8: n.d. | G8: n.d. | H8: n.d. | I8: n.d. | J8: n.d. | K8: n.d. | L8: n.d. | M8: n.d. | N8: n.d. | O8: n.d. | P8: n.d. | Q8: n.d. | R8: n.d. | S8: n.d. | T8: n.d. | U8: n.d.
A9: Day 35 | B9: n.d. | C9: n.d. | D9: n.d. | E9: n.d. | F9: n.d. | G9: n.d. | H9: n.d. | I9: n.d. | J9: n.d. | K9: n.d. | L9: n.d. | M9: n.d. | N9: n.d. | O9: n.d. | P9: n.d. | Q9: n.d. | R9: n.d. | S9: n.d. | T9: n.d. | U9: n.d.
A10: Day 42 | B10: n.d. | C10: n.d. | D10: n.d. | E10: n.d. | F10: n.d. | G10: n.d. | H10: n.d. | I10: n.d. | J10: n.d. | K10: n.d. | L10: n.d. | M10: n.d. | N10: n.d. | O10: n.d. | P10: n.d. | Q10: n.d. | R10: n.d. | S10: n.d. | T10: n.d. | U10: n.d.

Sheet Hbt(g-L)
A1: total Hb (g/L) | B1: RBC1 | C1: RBC2 | D1: RBC3 | E1: RBC4 | F1: RBC5 | G1: RBC6 | H1: RBC7 | I1: RBC8 | J1: RBC9 | K1: RBC10 | L1: RBC11 | M1: RBC12 | N1: RBC13 | O1: RBC14 | P1: RBC15 | Q1: RBC16 | R1: RBC17 | S1: RBC18 | T1: RBC19 | U1: RBC20 | V1: RBC21 | W1: RBC22 | X1: RBC23 | Y1: RBC24
A2: Day 3 | B2: 205 | C2: 207 | D2: 207 | E2: 190 | F2: 207 | G2: 208 | H2: 204 | I2: 194 | J2: 191 | K2: 196 | L2: 194 | M2: 185 | N2: 205 | O2: 206 | P2: 185 | Q2: 162 | R2: 179 | S2: 205 | T2: 188 | U2: 188 | V2: 191 | W2: 202 | X2: 179 | Y2: 190
A3: Day 7 | B3: 206 | C3: 207 | D3: 209 | E3: 193 | F3: 216 | G3: 208 | H3: 206 | I3: 198 | J3: 194 | K3: 199 | L3: 195 | M3: 200 | N3: 216 | O3: 211 | P3: 187 | Q3: 216 | R3: 193 | S3: 224 | T3: 216 | U3: 211 | V3: 208 | W3: 223 | X3: 194 | Y3: 175
A4: Day 11 | B4: 205 | C4: 206 | D4: 209 | E4: 194 | F4: 191 | G4: 209 | H4: 203 | I4: 198 | J4: 193 | K4: 200 | L4: 218 | M4: 201 | N4: 201 | O4: 204 | P4: 181 | Q4: 180 | R4: 212 | S4: 204 | T4: 197 | U4: 192 | V4: 179 | W4: 198 | X4: 167 | Y4: 205
A5: Day 14 | B5: 202 | C5: 204 | D5: 209 | E5: 194 | F5: 202 | G5: 211 | H5: 208 | I5: 198 | J5: 193 | K5: 199 | L5: 189 | M5: 178 | N5: 200 | O5: 200 | P5: 180 | Q5: 158 | R5: 198 | S5: 199 | T5: 188 | U5: 183 | V5: 186 | W5: 211 | X5: 179 | Y5: 184
A6: Day 17 | B6: 207 | C6: 207 | D6: 210 | E6: 194 | F6: 208 | G6: 209 | H6: 208 | I6: 198 | J6: 193 | K6: 198 | L6: 196 | M6: 184 | N6: 205 | O6: 211 | P6: 186 | Q6: 182 | R6: 199 | S6: 205 | T6: 189 | U6: 183 | V6: 181 | W6: 211 | X6: 171 | Y6: 159
A7: Day 21 | B7: 211 | C7: 209 | D7: 212 | E7: 195 | F7: 209 | G7: 209 | H7: 206 | I7: 195 | J7: 192 | K7: 196 | L7: 191 | M7: 181 | N7: 205 | O7: 202 | P7: 182 | Q7: 175 | R7: 200 | S7: 205 | T7: 154 | U7: 185 | V7: 195 | W7: 182 | X7: 159 | Y7: 188
A8: Day 23 | F8: 209 | G8: 211 | H8: 208 | I8: 198 | J8: 194 | K8: 199 | L8: 191 | M8: 179 | N8: 202 | O8: 203 | P8: 184 | Q8: 181 | R8: 199 | S8: 205 | T8: 179 | U8: 188 | V8: 199 | W8: 196 | X8: 170 | Y8: 191
A9: Day 25 | B9: 206 | C9: 206 | D9: 208 | E9: 192 | F9: 211 | G9: 210 | H9: 207 | I9: 196 | J9: 194 | K9: 200 | L9: 190 | M9: 184 | N9: 204 | O9: 197 | P9: 180 | Q9: 179 | R9: 195 | S9: 204 | T9: 206 | U9: 188 | V9: 198 | W9: 197 | X9: 167 | Y9: 187
A10: Day 28 | B10: 205 | C10: 206 | D10: 208 | E10: 192 | F10: 210 | G10: 205 | H10: 208 | I10: 200 | J10: 194 | K10: 198 | L10: 190 | M10: 183 | N10: 203 | O10: 199 | P10: 185 | Q10: 177 | R10: 203 | S10: 206 | T10: 176 | U10: 189 | V10: 198 | W10: 196 | X10: 176 | Y10: 194
A11: Day 30 | B11: 205 | C11: 206 | D11: 208 | E11: 192 | F11: 210 | G11: 208 | H11: 205 | I11: 195 | J11: 194 | K11: 198 | L11: 190 | M11: 182 | N11: 204 | O11: 204 | P11: 182 | Q11: 178 | R11: 206 | S11: 210 | T11: 187 | U11: 193 | V11: 203 | W11: 202 | X11: 180 | Y11: 196
A12: Day 32 | B12: 207 | C12: 205 | D12: 210 | E12: 191 | F12: 211 | G12: 210 | H12: 211 | I12: 202 | J12: 194 | K12: 199 | L12: 193 | M12: 183 | N12: 201 | O12: 198 | P12: 180 | Q12: 176 | R12: 204 | S12: 207 | T12: 193 | U12: 191 | V12: 203 | W12: 200 | X12: 181 | Y12: 191
A13: Day 35 | F13: 206 | G13: 214 | H13: 212 | I13: 198 | J13: 200 | K13: 197 | L13: 190 | M13: 180 | N13: 203 | O13: 197 | P13: 181 | Q13: 175 | R13: 202 | S13: 209 | T13: 201 | U13: 193 | V13: 202 | W13: 203 | X13: 179 | Y13: 198
A14: Day 37 | B14: 207 | C14: 205 | D14: 210 | E14: 191 | F14: 207 | G14: 214 | H14: 212 | I14: 198 | J14: 200 | K14: 198 | L14: 203 | M14: 181 | N14: 198 | O14: 206 | P14: 180 | Q14: 175 | R14: 204 | S14: 206 | T14: 198 | U14: 190 | V14: 202 | W14: 199 | X14: 180 | Y14: 192
A15: Day 42 | F15: 212 | G15: 215 | H15: 216 | I15: 204 | J15: 196 | K15: 200 | L15: 198 | M15: 183 | N15: 205 | O15: 201 | P15: 181 | Q15: 176 | R15: 202 | S15: 207 | T15: 198 | U15: 190 | V15: 203 | W15: 202 | X15: 180 | Y15: 192

Sheet Hbt(g-mL)
A1: total Hb (g/mL) | B1: RBC1 | C1: RBC2 | D1: RBC3 | E1: RBC4 | F1: RBC5 | G1: RBC6 | H1: RBC7 | I1: RBC8 | J1: RBC9 | K1: RBC10 | L1: RBC11 | M1: RBC12 | N1: RBC13 | O1: RBC14 | P1: RBC15 | Q1: RBC16 | R1: RBC17 | S1: RBC18 | T1: RBC19 | U1: RBC20 | V1: RBC21 | W1: RBC22 | X1: RBC23 | Y1: RBC24
A2: Day 3 | B2: ='Hbt(g-L)'!B2/1000 -> 0.205 | C2: ='Hbt(g-L)'!C2/1000 -> 0.207 | D2: ='Hbt(g-L)'!D2/1000 -> 0.207 | E2: ='Hbt(g-L)'!E2/1000 -> 0.19 | F2: ='Hbt(g-L)'!F2/1000 -> 0.207 | G2: ='Hbt(g-L)'!G2/1000 -> 0.208 | H2: ='Hbt(g-L)'!H2/1000 -> 0.204 | I2: ='Hbt(g-L)'!I2/1000 -> 0.194 | ... Y2: ='Hbt(g-L)'!Y2/1000 -> 0.19
A3: Day 7 | B3: ='Hbt(g-L)'!B3/1000 -> 0.206 | C3: ='Hbt(g-L)'!C3/1000 -> 0.207 | D3: ='Hbt(g-L)'!D3/1000 -> 0.209 | E3: ='Hbt(g-L)'!E3/1000 -> 0.193 | F3: ='Hbt(g-L)'!F3/1000 -> 0.216 | G3: ='Hbt(g-L)'!G3/1000 -> 0.208 | H3: ='Hbt(g-L)'!H3/1000 -> 0.206 | I3: ='Hbt(g-L)'!I3/1000 -> 0.198 | ... Y3: ='Hbt(g-L)'!Y3/1000 -> 0.175
A4: Day 11 | B4: ='Hbt(g-L)'!B4/1000 -> 0.205 | C4: ='Hbt(g-L)'!C4/1000 -> 0.206 | D4: ='Hbt(g-L)'!D4/1000 -> 0.209 | E4: ='Hbt(g-L)'!E4/1000 -> 0.194 | F4: ='Hbt(g-L)'!F4/1000 -> 0.191 | G4: ='Hbt(g-L)'!G4/1000 -> 0.209 | H4: ='Hbt(g-L)'!H4/1000 -> 0.203 | I4: ='Hbt(g-L)'!I4/1000 -> 0.198 | ... Y4: ='Hbt(g-L)'!Y4/1000 -> 0.205
A5: Day 14 | B5: ='Hbt(g-L)'!B5/1000 -> 0.202 | C5: ='Hbt(g-L)'!C5/1000 -> 0.204 | D5: ='Hbt(g-L)'!D5/1000 -> 0.209 | E5: ='Hbt(g-L)'!E5/1000 -> 0.194 | F5: ='Hbt(g-L)'!F5/1000 -> 0.202 | G5: ='Hbt(g-L)'!G5/1000 -> 0.211 | H5: ='Hbt(g-L)'!H5/1000 -> 0.208 | I5: ='Hbt(g-L)'!I5/1000 -> 0.198 | ... Y5: ='Hbt(g-L)'!Y5/1000 -> 0.184
A6: Day 17 | B6: ='Hbt(g-L)'!B6/1000 -> 0.207 | C6: ='Hbt(g-L)'!C6/1000 -> 0.207 | D6: ='Hbt(g-L)'!D6/1000 -> 0.21 | E6: ='Hbt(g-L)'!E6/1000 -> 0.194 | F6: ='Hbt(g-L)'!F6/1000 -> 0.208 | G6: ='Hbt(g-L)'!G6/1000 -> 0.209 | H6: ='Hbt(g-L)'!H6/1000 -> 0.208 | I6: ='Hbt(g-L)'!I6/1000 -> 0.198 | ... Y6: ='Hbt(g-L)'!Y6/1000 -> 0.159
A7: Day 21 | B7: ='Hbt(g-L)'!B7/1000 -> 0.211 | C7: ='Hbt(g-L)'!C7/1000 -> 0.209 | D7: ='Hbt(g-L)'!D7/1000 -> 0.212 | E7: ='Hbt(g-L)'!E7/1000 -> 0.195 | F7: ='Hbt(g-L)'!F7/1000 -> 0.209 | G7: ='Hbt(g-L)'!G7/1000 -> 0.209 | H7: ='Hbt(g-L)'!H7/1000 -> 0.206 | I7: ='Hbt(g-L)'!I7/1000 -> 0.195 | ... Y7: ='Hbt(g-L)'!Y7/1000 -> 0.188
A8: Day 23 | F8: ='Hbt(g-L)'!F8/1000 -> 0.209 | G8: ='Hbt(g-L)'!G8/1000 -> 0.211 | H8: ='Hbt(g-L)'!H8/1000 -> 0.208 | I8: ='Hbt(g-L)'!I8/1000 -> 0.198 | J8: ='Hbt(g-L)'!J8/1000 -> 0.194 | K8: ='Hbt(g-L)'!K8/1000 -> 0.199 | L8: ='Hbt(g-L)'!L8/1000 -> 0.191 | M8: ='Hbt(g-L)'!M8/1000 -> 0.179 | ... Y8: ='Hbt(g-L)'!Y8/1000 -> 0.191
A9: Day 25 | B9: ='Hbt(g-L)'!B9/1000 -> 0.206 | C9: ='Hbt(g-L)'!C9/1000 -> 0.206 | D9: ='Hbt(g-L)'!D9/1000 -> 0.208 | E9: ='Hbt(g-L)'!E9/1000 -> 0.192 | F9: ='Hbt(g-L)'!F9/1000 -> 0.211 | G9: ='Hbt(g-L)'!G9/1000 -> 0.21 | H9: ='Hbt(g-L)'!H9/1000 -> 0.207 | I9: ='Hbt(g-L)'!I9/1000 -> 0.196 | ... Y9: ='Hbt(g-L)'!Y9/1000 -> 0.187
A10: Day 28 | B10: ='Hbt(g-L)'!B10/1000 -> 0.205 | C10: ='Hbt(g-L)'!C10/1000 -> 0.206 | D10: ='Hbt(g-L)'!D10/1000 -> 0.208 | E10: ='Hbt(g-L)'!E10/1000 -> 0.192 | F10: ='Hbt(g-L)'!F10/1000 -> 0.21 | G10: ='Hbt(g-L)'!G10/1000 -> 0.205 | H10: ='Hbt(g-L)'!H10/1000 -> 0.208 | I10: ='Hbt(g-L)'!I10/1000 -> 0.2 | ... Y10: ='Hbt(g-L)'!Y10/1000 -> 0.194
A11: Day 30 | B11: ='Hbt(g-L)'!B11/1000 -> 0.205 | C11: ='Hbt(g-L)'!C11/1000 -> 0.206 | D11: ='Hbt(g-L)'!D11/1000 -> 0.208 | E11: ='Hbt(g-L)'!E11/1000 -> 0.192 | F11: ='Hbt(g-L)'!F11/1000 -> 0.21 | G11: ='Hbt(g-L)'!G11/1000 -> 0.208 | H11: ='Hbt(g-L)'!H11/1000 -> 0.205 | I11: ='Hbt(g-L)'!I11/1000 -> 0.195 | ... Y11: ='Hbt(g-L)'!Y11/1000 -> 0.196
A12: Day 32 | B12: ='Hbt(g-L)'!B12/1000 -> 0.207 | C12: ='Hbt(g-L)'!C12/1000 -> 0.205 | D12: ='Hbt(g-L)'!D12/1000 -> 0.21 | E12: ='Hbt(g-L)'!E12/1000 -> 0.191 | F12: ='Hbt(g-L)'!F12/1000 -> 0.211 | G12: ='Hbt(g-L)'!G12/1000 -> 0.21 | H12: ='Hbt(g-L)'!H12/1000 -> 0.211 | I12: ='Hbt(g-L)'!I12/1000 -> 0.202 | ... Y12: ='Hbt(g-L)'!Y12/1000 -> 0.191
A13: Day 35 | F13: ='Hbt(g-L)'!F13/1000 -> 0.206 | G13: ='Hbt(g-L)'!G13/1000 -> 0.214 | H13: ='Hbt(g-L)'!H13/1000 -> 0.212 | I13: ='Hbt(g-L)'!I13/1000 -> 0.198 | J13: ='Hbt(g-L)'!J13/1000 -> 0.2 | K13: ='Hbt(g-L)'!K13/1000 -> 0.197 | L13: ='Hbt(g-L)'!L13/1000 -> 0.19 | M13: ='Hbt(g-L)'!M13/1000 -> 0.18 | ... Y13: ='Hbt(g-L)'!Y13/1000 -> 0.198
A14: Day 37 | B14: ='Hbt(g-L)'!B14/1000 -> 0.207 | C14: ='Hbt(g-L)'!C14/1000 -> 0.205 | D14: ='Hbt(g-L)'!D14/1000 -> 0.21 | E14: ='Hbt(g-L)'!E14/1000 -> 0.191 | F14: ='Hbt(g-L)'!F14/1000 -> 0.207 | G14: ='Hbt(g-L)'!G14/1000 -> 0.214 | H14: ='Hbt(g-L)'!H14/1000 -> 0.212 | I14: ='Hbt(g-L)'!I14/1000 -> 0.198 | ... Y14: ='Hbt(g-L)'!Y14/1000 -> 0.192
A15: Day 42 | F15: ='Hbt(g-L)'!F15/1000 -> 0.212 | G15: ='Hbt(g-L)'!G15/1000 -> 0.215 | H15: ='Hbt(g-L)'!H15/1000 -> 0.216 | I15: ='Hbt(g-L)'!I15/1000 -> 0.204 | J15: ='Hbt(g-L)'!J15/1000 -> 0.196 | K15: ='Hbt(g-L)'!K15/1000 -> 0.2 | L15: ='Hbt(g-L)'!L15/1000 -> 0.198 | M15: ='Hbt(g-L)'!M15/1000 -> 0.183 | ... Y15: ='Hbt(g-L)'!Y15/1000 -> 0.192
